<Root>
  <Data id="100000" level="1" type="100000" pre_build="" item="" food="792" stone="1080" wood="1080" iron="648" time="60" power="0" exp="0" num="1" destroy_time="-1" para1="901000|1600" para2="901100|1" para3="901101|1" para4="911058|6" para5="" para6="" para_extra="" reward="-1" />
  <Data id="100001" level="2" type="100000" pre_build="100100" item="" food="1188" stone="1620" wood="1620" iron="972" time="240" power="135" exp="0" num="1" destroy_time="-1" para1="901000|4000" para2="901100|1" para3="901101|1" para4="911058|7" para5="" para6="" para_extra="" reward="3000002" />
  <Data id="100002" level="3" type="100000" pre_build="100101" item="" food="1782" stone="2430" wood="2430" iron="1458" time="720" power="270" exp="0" num="1" destroy_time="-1" para1="901000|8000" para2="901100|1" para3="901101|1" para4="911058|8" para5="" para6="" para_extra="" reward="3000003" />
  <Data id="100003" level="4" type="100000" pre_build="100102" item="" food="2673" stone="3645" wood="3645" iron="2187" time="1440" power="459" exp="0" num="1" destroy_time="-1" para1="901000|12000" para2="901100|1" para3="901101|1" para4="911058|9" para5="" para6="" para_extra="" reward="3000004" />
  <Data id="100004" level="5" type="100000" pre_build="100103" item="" food="4009" stone="5467" wood="5467" iron="3280" time="2880" power="723" exp="0" num="1" destroy_time="-1" para1="901000|16000" para2="901100|2" para3="901101|1" para4="911058|10" para5="" para6="" para_extra="" reward="3000005" />
  <Data id="100005" level="6" type="100000" pre_build="100104|100204" item="" food="6014" stone="8201" wood="8201" iron="4920" time="5760" power="1094" exp="0" num="1" destroy_time="-1" para1="901000|20000" para2="901100|2" para3="901101|1" para4="911058|11" para5="" para6="" para_extra="" reward="3000006" />
  <Data id="100006" level="7" type="100000" pre_build="100105|100505" item="" food="9021" stone="12301" wood="12301" iron="7381" time="10368" power="1612" exp="0" num="1" destroy_time="-1" para1="901000|24000" para2="901100|2" para3="901101|2" para4="911058|12" para5="" para6="" para_extra="" reward="3000007" />
  <Data id="100007" level="8" type="100000" pre_build="100106|101106" item="" food="13532" stone="18452" wood="18452" iron="11071" time="18663" power="2338" exp="0" num="1" destroy_time="-1" para1="901000|28000" para2="901100|2" para3="901101|2" para4="911058|13" para5="" para6="" para_extra="" reward="3000008" />
  <Data id="100008" level="9" type="100000" pre_build="100107|101307" item="" food="20298" stone="27679" wood="27679" iron="16607" time="33593" power="3355" exp="0" num="1" destroy_time="-1" para1="901000|32000" para2="901100|3" para3="901101|2" para4="911058|14" para5="" para6="" para_extra="" reward="3000009" />
  <Data id="100009" level="10" type="100000" pre_build="100108|100408" item="" food="30447" stone="41518" wood="41518" iron="24911" time="60467" power="4778" exp="0" num="1" destroy_time="-1" para1="901000|36000" para2="901100|3" para3="901101|2" para4="911058|15" para5="" para6="" para_extra="" reward="3000010" />
  <Data id="100010" level="11" type="100000" pre_build="100109|101109" item="" food="45670" stone="62278" wood="62278" iron="37366" time="108840" power="6770" exp="0" num="1" destroy_time="-1" para1="901000|40000" para2="901100|3" para3="901101|2" para4="911058|16" para5="" para6="" para_extra="" reward="3000011" />
  <Data id="100011" level="12" type="100000" pre_build="100110|100310" item="" food="68506" stone="93417" wood="93417" iron="56050" time="141491" power="9559" exp="0" num="1" destroy_time="-1" para1="901000|44000" para2="901100|3" para3="901101|2" para4="911058|17" para5="" para6="" para_extra="" reward="3000012" />
  <Data id="100012" level="13" type="100000" pre_build="100111|100511" item="" food="102759" stone="140126" wood="140126" iron="84075" time="183939" power="13464" exp="0" num="1" destroy_time="-1" para1="901000|50000" para2="901100|4" para3="901101|3" para4="911058|18" para5="" para6="" para_extra="" reward="3000013" />
  <Data id="100013" level="14" type="100000" pre_build="100112|100212" item="" food="154138" stone="210189" wood="210189" iron="126113" time="220726" power="18931" exp="0" num="1" destroy_time="-1" para1="901000|56000" para2="901100|4" para3="901101|3" para4="911058|19" para5="" para6="" para_extra="" reward="3000014" />
  <Data id="100014" level="15" type="100000" pre_build="100113|100513" item="" food="231207" stone="315283" wood="315283" iron="189170" time="253835" power="26585" exp="0" num="1" destroy_time="-1" para1="901000|62000" para2="901100|4" para3="901101|3" para4="911058|20" para5="" para6="" para_extra="" reward="3000015" />
  <Data id="100015" level="16" type="100000" pre_build="100114|101114" item="" food="346811" stone="472925" wood="472925" iron="283755" time="291910" power="37300" exp="0" num="1" destroy_time="-1" para1="901000|68000" para2="901100|4" para3="901101|3" para4="911058|21" para5="" para6="" para_extra="" reward="3000016" />
  <Data id="100016" level="17" type="100000" pre_build="100115|101315" item="" food="520217" stone="709388" wood="709388" iron="425632" time="335697" power="52301" exp="0" num="1" destroy_time="-1" para1="901000|74000" para2="901100|5" para3="901101|3" para4="911058|22" para5="" para6="" para_extra="" reward="3000017" />
  <Data id="100017" level="18" type="100000" pre_build="100116|100416" item="" food="780326" stone="1064082" wood="1064082" iron="638449" time="386051" power="73303" exp="0" num="1" destroy_time="-1" para1="901000|80000" para2="901100|5" para3="901101|3" para4="911058|23" para5="" para6="" para_extra="" reward="3000018" />
  <Data id="100018" level="19" type="100000" pre_build="100117|100517" item="" food="1170490" stone="1596123" wood="1596123" iron="957673" time="443959" power="102705" exp="0" num="1" destroy_time="-1" para1="901000|90000" para2="901100|5" para3="901101|4" para4="911058|24" para5="" para6="" para_extra="" reward="3000019" />
  <Data id="100019" level="20" type="100000" pre_build="100118|100318" item="" food="1755735" stone="2394184" wood="2394184" iron="1436510" time="510553" power="143869" exp="0" num="1" destroy_time="-1" para1="901000|100000" para2="901100|5" para3="901101|4" para4="911058|25" para5="" para6="" para_extra="" reward="3000020" />
  <Data id="100020" level="21" type="100000" pre_build="100119|100219" item="" food="2633603" stone="3591277" wood="3591277" iron="2154766" time="663718" power="201497" exp="0" num="1" destroy_time="-1" para1="901000|110000" para2="901100|5" para3="901101|4" para4="911058|26" para5="" para6="" para_extra="" reward="3000021" />
  <Data id="100021" level="22" type="100000" pre_build="100120|101120" item="" food="3950404" stone="5386915" wood="5386915" iron="3232149" time="1061949" power="282177" exp="0" num="1" destroy_time="-1" para1="901000|120000" para2="901100|5" para3="901101|4" para4="911058|27" para5="" para6="" para_extra="" reward="3000022" />
  <Data id="100022" level="23" type="100000" pre_build="100121|101321" item="" food="5925607" stone="8080373" wood="8080373" iron="4848224" time="1911507" power="395130" exp="0" num="1" destroy_time="-1" para1="901000|140000" para2="901100|5" para3="901101|4" para4="911058|28" para5="" para6="" para_extra="" reward="3000023" />
  <Data id="100023" level="24" type="100000" pre_build="100122|100322" item="" food="8888411" stone="12120560" wood="12120560" iron="7272336" time="3440713" power="553263" exp="0" num="1" destroy_time="-1" para1="901000|160000" para2="901100|5" para3="901101|4" para4="911058|29" para5="" para6="" para_extra="" reward="3000024" />
  <Data id="100024" level="25" type="100000" pre_build="100123|100423" item="" food="17776822" stone="24241121" wood="24241121" iron="14544672" time="12042493" power="822089" exp="0" num="1" destroy_time="-1" para1="901000|200000" para2="901100|5" para3="901101|5" para4="911058|30" para5="" para6="" para_extra="" reward="3000025" />
  <Data id="100100" level="1" type="100100" pre_build="" item="" food="750" stone="900" wood="750" iron="600" time="120" power="0" exp="0" num="1" destroy_time="-1" para1="906007|100" para2="906002|10" para3="" para4="" para5="" para6="" para_extra="" reward="-1" />
  <Data id="100101" level="2" type="100100" pre_build="" item="" food="1125" stone="1350" wood="1125" iron="900" time="240" power="81" exp="0" num="1" destroy_time="-1" para1="906007|300" para2="906002|30" para3="" para4="" para5="" para6="" para_extra="" reward="-1" />
  <Data id="100102" level="3" type="100100" pre_build="" item="" food="1687" stone="2025" wood="1687" iron="1350" time="480" power="162" exp="0" num="1" destroy_time="-1" para1="906007|500" para2="906002|50" para3="" para4="" para5="" para6="" para_extra="" reward="-1" />
  <Data id="100103" level="4" type="100100" pre_build="101203" item="" food="2531" stone="3037" wood="2531" iron="2025" time="960" power="275" exp="0" num="1" destroy_time="-1" para1="906007|700" para2="906002|70" para3="" para4="" para5="" para6="" para_extra="" reward="-1" />
  <Data id="100104" level="5" type="100100" pre_build="101204" item="" food="3796" stone="4556" wood="3796" iron="3037" time="1920" power="434" exp="0" num="1" destroy_time="-1" para1="906007|1500" para2="906002|150" para3="" para4="" para5="" para6="" para_extra="" reward="-1" />
  <Data id="100105" level="6" type="100100" pre_build="101205" item="" food="5695" stone="6834" wood="5695" iron="4556" time="3840" power="656" exp="0" num="1" destroy_time="-1" para1="906007|2500" para2="906002|250" para3="" para4="" para5="" para6="" para_extra="" reward="-1" />
  <Data id="100106" level="7" type="100100" pre_build="101206" item="" food="8542" stone="10251" wood="8542" iron="6834" time="7680" power="967" exp="0" num="1" destroy_time="-1" para1="906007|4000" para2="906002|400" para3="" para4="" para5="" para6="" para_extra="" reward="-1" />
  <Data id="100107" level="8" type="100100" pre_build="101207" item="" food="12814" stone="15377" wood="12814" iron="10251" time="15360" power="1403" exp="0" num="1" destroy_time="-1" para1="906007|6000" para2="906002|600" para3="" para4="" para5="" para6="" para_extra="" reward="-1" />
  <Data id="100108" level="9" type="100100" pre_build="101208" item="" food="19221" stone="23066" wood="19221" iron="15377" time="27648" power="2013" exp="0" num="1" destroy_time="-1" para1="906007|8500" para2="906002|850" para3="" para4="" para5="" para6="" para_extra="" reward="-1" />
  <Data id="100109" level="10" type="100100" pre_build="101209" item="" food="28832" stone="34599" wood="28832" iron="23066" time="44237" power="2866" exp="0" num="1" destroy_time="-1" para1="906007|11500" para2="906002|1150" para3="" para4="" para5="" para6="" para_extra="" reward="-1" />
  <Data id="100110" level="11" type="100100" pre_build="101210" item="" food="43248" stone="51898" wood="43248" iron="34599" time="57508" power="4062" exp="0" num="1" destroy_time="-1" para1="906007|15000" para2="906002|1500" para3="" para4="" para5="" para6="" para_extra="" reward="-1" />
  <Data id="100111" level="12" type="100100" pre_build="101211" item="" food="64873" stone="77847" wood="64873" iron="51898" time="66135" power="5735" exp="0" num="1" destroy_time="-1" para1="906007|19000" para2="906002|1900" para3="" para4="" para5="" para6="" para_extra="" reward="-1" />
  <Data id="100112" level="13" type="100100" pre_build="101212" item="" food="97309" stone="116771" wood="97309" iron="77847" time="76055" power="8078" exp="0" num="1" destroy_time="-1" para1="906007|23000" para2="906002|2300" para3="" para4="" para5="" para6="" para_extra="" reward="-1" />
  <Data id="100113" level="14" type="100100" pre_build="101213" item="" food="145964" stone="175157" wood="145964" iron="116771" time="87463" power="11359" exp="0" num="1" destroy_time="-1" para1="906007|27000" para2="906002|2700" para3="" para4="" para5="" para6="" para_extra="" reward="-1" />
  <Data id="100114" level="15" type="100100" pre_build="101214" item="" food="218946" stone="262736" wood="218946" iron="175157" time="100582" power="15951" exp="0" num="1" destroy_time="-1" para1="906007|31000" para2="906002|3100" para3="" para4="" para5="" para6="" para_extra="" reward="-1" />
  <Data id="100115" level="16" type="100100" pre_build="101215" item="" food="328420" stone="394104" wood="328420" iron="262736" time="115669" power="22380" exp="0" num="1" destroy_time="-1" para1="906007|35000" para2="906002|3500" para3="" para4="" para5="" para6="" para_extra="" reward="-1" />
  <Data id="100116" level="17" type="100100" pre_build="101216" item="" food="492630" stone="591156" wood="492630" iron="394104" time="133020" power="31381" exp="0" num="1" destroy_time="-1" para1="906007|39000" para2="906002|3900" para3="" para4="" para5="" para6="" para_extra="" reward="-1" />
  <Data id="100117" level="18" type="100100" pre_build="101217" item="" food="738945" stone="886735" wood="738945" iron="591156" time="152972" power="43982" exp="0" num="1" destroy_time="-1" para1="906007|43000" para2="906002|4300" para3="" para4="" para5="" para6="" para_extra="" reward="-1" />
  <Data id="100118" level="19" type="100100" pre_build="101218" item="" food="1108418" stone="1330102" wood="1108418" iron="886735" time="175918" power="61623" exp="0" num="1" destroy_time="-1" para1="906007|49000" para2="906002|4900" para3="" para4="" para5="" para6="" para_extra="" reward="-1" />
  <Data id="100119" level="20" type="100100" pre_build="101219" item="" food="1662628" stone="1995154" wood="1662628" iron="1330102" time="202306" power="86321" exp="0" num="1" destroy_time="-1" para1="906007|56000" para2="906002|5600" para3="" para4="" para5="" para6="" para_extra="" reward="-1" />
  <Data id="100120" level="21" type="100100" pre_build="101220" item="" food="2493942" stone="2992731" wood="2493942" iron="1995154" time="262998" power="120898" exp="0" num="1" destroy_time="-1" para1="906007|64000" para2="906002|6400" para3="" para4="" para5="" para6="" para_extra="" reward="-1" />
  <Data id="100121" level="22" type="100100" pre_build="101221" item="" food="3740913" stone="4489096" wood="3740913" iron="2992731" time="420796" power="169306" exp="0" num="1" destroy_time="-1" para1="906007|73000" para2="906002|7300" para3="" para4="" para5="" para6="" para_extra="" reward="-1" />
  <Data id="100122" level="23" type="100100" pre_build="101222" item="" food="5611370" stone="6733644" wood="5611370" iron="4489096" time="757432" power="237078" exp="0" num="1" destroy_time="-1" para1="906007|84000" para2="906002|8400" para3="" para4="" para5="" para6="" para_extra="" reward="-1" />
  <Data id="100123" level="24" type="100100" pre_build="101223" item="" food="8417056" stone="10100467" wood="8417056" iron="6733644" time="1363378" power="331957" exp="0" num="1" destroy_time="-1" para1="906007|95000" para2="906002|9500" para3="" para4="" para5="" para6="" para_extra="" reward="-1" />
  <Data id="100124" level="25" type="100100" pre_build="101224" item="" food="16834112" stone="20200934" wood="16834112" iron="13467289" time="4771820" power="493253" exp="0" num="1" destroy_time="-1" para1="906007|125000" para2="906002|12500" para3="" para4="" para5="" para6="" para_extra="" reward="-1" />
  <Data id="100200" level="1" type="100200" pre_build="" item="" food="169" stone="282" wood="282" iron="206" time="60" power="6" exp="0" num="1" destroy_time="-1" para1="913001|100000" para2="913002|100000" para3="913003|100000" para4="913004|100000" para5="" para6="" para_extra="" reward="-1" />
  <Data id="100201" level="2" type="100200" pre_build="" item="" food="253" stone="423" wood="423" iron="310" time="120" power="18" exp="0" num="1" destroy_time="-1" para1="913001|150000" para2="913002|150000" para3="913003|150000" para4="913004|150000" para5="" para6="" para_extra="" reward="-1" />
  <Data id="100202" level="3" type="100200" pre_build="100002" item="" food="380" stone="634" wood="634" iron="465" time="240" power="36" exp="0" num="1" destroy_time="-1" para1="913001|200000" para2="913002|200000" para3="913003|200000" para4="913004|200000" para5="" para6="" para_extra="" reward="-1" />
  <Data id="100203" level="4" type="100200" pre_build="100003" item="" food="571" stone="951" wood="951" iron="697" time="480" power="61" exp="0" num="1" destroy_time="-1" para1="913001|250000" para2="913002|250000" para3="913003|250000" para4="913004|250000" para5="" para6="" para_extra="" reward="-1" />
  <Data id="100204" level="5" type="100200" pre_build="100004" item="" food="856" stone="1427" wood="1427" iron="1046" time="960" power="96" exp="0" num="1" destroy_time="-1" para1="913001|300000" para2="913002|300000" para3="913003|300000" para4="913004|300000" para5="" para6="" para_extra="" reward="-1" />
  <Data id="100205" level="6" type="100200" pre_build="100005" item="" food="1284" stone="2141" wood="2141" iron="1570" time="1920" power="145" exp="0" num="1" destroy_time="-1" para1="913001|350000" para2="913002|350000" para3="913003|350000" para4="913004|350000" para5="" para6="" para_extra="" reward="-1" />
  <Data id="100206" level="7" type="100200" pre_build="100006" item="" food="1927" stone="3212" wood="3212" iron="2355" time="3840" power="215" exp="0" num="1" destroy_time="-1" para1="913001|400000" para2="913002|400000" para3="913003|400000" para4="913004|400000" para5="" para6="" para_extra="" reward="-1" />
  <Data id="100207" level="8" type="100200" pre_build="100007" item="" food="2890" stone="4818" wood="4818" iron="3533" time="7680" power="311" exp="0" num="1" destroy_time="-1" para1="913001|450000" para2="913002|450000" para3="913003|450000" para4="913004|450000" para5="" para6="" para_extra="" reward="-1" />
  <Data id="100208" level="9" type="100200" pre_build="100008" item="" food="4336" stone="7227" wood="7227" iron="5300" time="13824" power="447" exp="0" num="1" destroy_time="-1" para1="913001|500000" para2="913002|500000" para3="913003|500000" para4="913004|500000" para5="" para6="" para_extra="" reward="-1" />
  <Data id="100209" level="10" type="100200" pre_build="100009" item="" food="6504" stone="10841" wood="10841" iron="7950" time="22119" power="637" exp="0" num="1" destroy_time="-1" para1="913001|550000" para2="913002|550000" para3="913003|550000" para4="913004|550000" para5="" para6="" para_extra="" reward="-1" />
  <Data id="100210" level="11" type="100200" pre_build="100010" item="" food="9756" stone="16261" wood="16261" iron="11925" time="28754" power="902" exp="0" num="1" destroy_time="-1" para1="913001|600000" para2="913002|600000" para3="913003|600000" para4="913004|600000" para5="" para6="" para_extra="" reward="-1" />
  <Data id="100211" level="12" type="100200" pre_build="100011" item="" food="14635" stone="24392" wood="24392" iron="17887" time="33068" power="1274" exp="0" num="1" destroy_time="-1" para1="913001|650000" para2="913002|650000" para3="913003|650000" para4="913004|650000" para5="" para6="" para_extra="" reward="-1" />
  <Data id="100212" level="13" type="100200" pre_build="100012" item="" food="21953" stone="36588" wood="36588" iron="26831" time="38028" power="1795" exp="0" num="1" destroy_time="-1" para1="913001|700000" para2="913002|700000" para3="913003|700000" para4="913004|700000" para5="" para6="" para_extra="" reward="-1" />
  <Data id="100213" level="14" type="100200" pre_build="100013" item="" food="32929" stone="54882" wood="54882" iron="40247" time="43732" power="2524" exp="0" num="1" destroy_time="-1" para1="913001|750000" para2="913002|750000" para3="913003|750000" para4="913004|750000" para5="" para6="" para_extra="" reward="-1" />
  <Data id="100214" level="15" type="100200" pre_build="100014" item="" food="49394" stone="82324" wood="82324" iron="60370" time="50291" power="3544" exp="0" num="1" destroy_time="-1" para1="913001|800000" para2="913002|800000" para3="913003|800000" para4="913004|800000" para5="" para6="" para_extra="" reward="-1" />
  <Data id="100215" level="16" type="100200" pre_build="100015" item="" food="74091" stone="123486" wood="123486" iron="90556" time="57835" power="4973" exp="0" num="1" destroy_time="-1" para1="913001|850000" para2="913002|850000" para3="913003|850000" para4="913004|850000" para5="" para6="" para_extra="" reward="-1" />
  <Data id="100216" level="17" type="100200" pre_build="100016" item="" food="111137" stone="185229" wood="185229" iron="135834" time="66510" power="6973" exp="0" num="1" destroy_time="-1" para1="913001|900000" para2="913002|900000" para3="913003|900000" para4="913004|900000" para5="" para6="" para_extra="" reward="-1" />
  <Data id="100217" level="18" type="100200" pre_build="100017" item="" food="166706" stone="277843" wood="277843" iron="203752" time="76486" power="9773" exp="0" num="1" destroy_time="-1" para1="913001|950000" para2="913002|950000" para3="913003|950000" para4="913004|950000" para5="" para6="" para_extra="" reward="-1" />
  <Data id="100218" level="19" type="100200" pre_build="100018" item="" food="250059" stone="416765" wood="416765" iron="305628" time="87959" power="13694" exp="0" num="1" destroy_time="-1" para1="913001|1000000" para2="913002|1000000" para3="913003|1000000" para4="913004|1000000" para5="" para6="" para_extra="" reward="-1" />
  <Data id="100219" level="20" type="100200" pre_build="100019" item="" food="375088" stone="625148" wood="625148" iron="458442" time="101153" power="19182" exp="0" num="1" destroy_time="-1" para1="913001|1050000" para2="913002|1050000" para3="913003|1050000" para4="913004|1050000" para5="" para6="" para_extra="" reward="-1" />
  <Data id="100220" level="21" type="100200" pre_build="100020" item="" food="562633" stone="937722" wood="937722" iron="687663" time="131499" power="26866" exp="0" num="1" destroy_time="-1" para1="913001|1100000" para2="913002|1100000" para3="913003|1100000" para4="913004|1100000" para5="" para6="" para_extra="" reward="-1" />
  <Data id="100221" level="22" type="100200" pre_build="100021" item="" food="843950" stone="1406583" wood="1406583" iron="1031494" time="210398" power="37623" exp="0" num="1" destroy_time="-1" para1="913001|1150000" para2="913002|1150000" para3="913003|1150000" para4="913004|1150000" para5="" para6="" para_extra="" reward="-1" />
  <Data id="100222" level="23" type="100200" pre_build="100022" item="" food="1265925" stone="2109875" wood="2109875" iron="1547241" time="378716" power="52684" exp="0" num="1" destroy_time="-1" para1="913001|1200000" para2="913002|1200000" para3="913003|1200000" para4="913004|1200000" para5="" para6="" para_extra="" reward="-1" />
  <Data id="100223" level="24" type="100200" pre_build="100023" item="" food="1898887" stone="3164813" wood="3164813" iron="2320862" time="681689" power="73768" exp="0" num="1" destroy_time="-1" para1="913001|1300000" para2="913002|1300000" para3="913003|1300000" para4="913004|1300000" para5="" para6="" para_extra="" reward="-1" />
  <Data id="100224" level="25" type="100200" pre_build="100024" item="" food="3797775" stone="6329626" wood="6329626" iron="4641725" time="2385910" power="109611" exp="0" num="1" destroy_time="-1" para1="913001|2500000" para2="913002|2500000" para3="913003|2500000" para4="913004|2500000" para5="" para6="" para_extra="" reward="-1" />
  <Data id="100300" level="1" type="100300" pre_build="" item="" food="275" stone="275" wood="220" iron="330" time="75" power="15" exp="0" num="1" destroy_time="-1" para1="" para2="" para3="" para4="" para5="" para6="" para_extra="" reward="-1" />
  <Data id="100301" level="2" type="100300" pre_build="100401" item="" food="412" stone="412" wood="330" iron="495" time="150" power="45" exp="0" num="1" destroy_time="-1" para1="" para2="" para3="" para4="" para5="" para6="" para_extra="" reward="-1" />
  <Data id="100302" level="3" type="100300" pre_build="100402" item="" food="618" stone="618" wood="495" iron="742" time="300" power="90" exp="0" num="1" destroy_time="-1" para1="" para2="" para3="" para4="" para5="" para6="" para_extra="" reward="-1" />
  <Data id="100303" level="4" type="100300" pre_build="100403" item="" food="928" stone="928" wood="742" iron="1113" time="600" power="153" exp="0" num="1" destroy_time="-1" para1="" para2="" para3="" para4="" para5="" para6="" para_extra="" reward="-1" />
  <Data id="100304" level="5" type="100300" pre_build="100404" item="" food="1392" stone="1392" wood="1113" iron="1670" time="1200" power="241" exp="0" num="1" destroy_time="-1" para1="" para2="" para3="" para4="" para5="" para6="" para_extra="" reward="-1" />
  <Data id="100305" level="6" type="100300" pre_build="100405" item="" food="2088" stone="2088" wood="1670" iron="2505" time="2400" power="364" exp="0" num="1" destroy_time="-1" para1="" para2="" para3="" para4="" para5="" para6="" para_extra="" reward="-1" />
  <Data id="100306" level="7" type="100300" pre_build="100406" item="" food="3132" stone="3132" wood="2505" iron="3758" time="4800" power="537" exp="0" num="1" destroy_time="-1" para1="" para2="" para3="" para4="" para5="" para6="" para_extra="" reward="-1" />
  <Data id="100307" level="8" type="100300" pre_build="100407" item="" food="4698" stone="4698" wood="3758" iron="5638" time="9600" power="779" exp="0" num="1" destroy_time="-1" para1="" para2="" para3="" para4="" para5="" para6="" para_extra="" reward="-1" />
  <Data id="100308" level="9" type="100300" pre_build="100408" item="" food="7047" stone="7047" wood="5638" iron="8457" time="17280" power="1118" exp="0" num="1" destroy_time="-1" para1="" para2="" para3="" para4="" para5="" para6="" para_extra="" reward="-1" />
  <Data id="100309" level="10" type="100300" pre_build="100409" item="" food="10571" stone="10571" wood="8457" iron="12686" time="27648" power="1592" exp="0" num="1" destroy_time="-1" para1="" para2="" para3="" para4="" para5="" para6="" para_extra="" reward="-1" />
  <Data id="100310" level="11" type="100300" pre_build="100410" item="" food="15857" stone="15857" wood="12686" iron="19029" time="35943" power="2256" exp="0" num="1" destroy_time="-1" para1="" para2="" para3="" para4="" para5="" para6="" para_extra="" reward="-1" />
  <Data id="100311" level="12" type="100300" pre_build="100411" item="" food="23786" stone="23786" wood="19029" iron="28544" time="41334" power="3186" exp="0" num="1" destroy_time="-1" para1="" para2="" para3="" para4="" para5="" para6="" para_extra="" reward="-1" />
  <Data id="100312" level="13" type="100300" pre_build="100412" item="" food="35680" stone="35680" wood="28544" iron="42816" time="47534" power="4488" exp="0" num="1" destroy_time="-1" para1="" para2="" para3="" para4="" para5="" para6="" para_extra="" reward="-1" />
  <Data id="100313" level="14" type="100300" pre_build="100413" item="" food="53520" stone="53520" wood="42816" iron="64224" time="54664" power="6310" exp="0" num="1" destroy_time="-1" para1="" para2="" para3="" para4="" para5="" para6="" para_extra="" reward="-1" />
  <Data id="100314" level="15" type="100300" pre_build="100414" item="" food="80280" stone="80280" wood="64224" iron="96336" time="62864" power="8861" exp="0" num="1" destroy_time="-1" para1="" para2="" para3="" para4="" para5="" para6="" para_extra="" reward="-1" />
  <Data id="100315" level="16" type="100300" pre_build="100415" item="" food="120420" stone="120420" wood="96336" iron="144504" time="72294" power="12433" exp="0" num="1" destroy_time="-1" para1="" para2="" para3="" para4="" para5="" para6="" para_extra="" reward="-1" />
  <Data id="100316" level="17" type="100300" pre_build="100416" item="" food="180631" stone="180631" wood="144504" iron="216757" time="83137" power="17433" exp="0" num="1" destroy_time="-1" para1="" para2="" para3="" para4="" para5="" para6="" para_extra="" reward="-1" />
  <Data id="100317" level="18" type="100300" pre_build="100417" item="" food="270946" stone="270946" wood="216757" iron="325136" time="95608" power="24434" exp="0" num="1" destroy_time="-1" para1="" para2="" para3="" para4="" para5="" para6="" para_extra="" reward="-1" />
  <Data id="100318" level="19" type="100300" pre_build="100418" item="" food="406420" stone="406420" wood="325136" iron="487704" time="109949" power="34235" exp="0" num="1" destroy_time="-1" para1="" para2="" para3="" para4="" para5="" para6="" para_extra="" reward="-1" />
  <Data id="100319" level="20" type="100300" pre_build="100419" item="" food="609630" stone="609630" wood="487704" iron="731556" time="126441" power="47956" exp="0" num="1" destroy_time="-1" para1="" para2="" para3="" para4="" para5="" para6="" para_extra="" reward="-1" />
  <Data id="100320" level="21" type="100300" pre_build="100420" item="" food="914445" stone="914445" wood="731556" iron="1097334" time="164374" power="67165" exp="0" num="1" destroy_time="-1" para1="" para2="" para3="" para4="" para5="" para6="" para_extra="" reward="-1" />
  <Data id="100321" level="22" type="100300" pre_build="100421" item="" food="1371668" stone="1371668" wood="1097334" iron="1646002" time="262998" power="94059" exp="0" num="1" destroy_time="-1" para1="" para2="" para3="" para4="" para5="" para6="" para_extra="" reward="-1" />
  <Data id="100322" level="23" type="100300" pre_build="100422" item="" food="2057502" stone="2057502" wood="1646002" iron="2469003" time="473395" power="131710" exp="0" num="1" destroy_time="-1" para1="" para2="" para3="" para4="" para5="" para6="" para_extra="" reward="-1" />
  <Data id="100323" level="24" type="100300" pre_build="100423" item="" food="3086253" stone="3086253" wood="2469003" iron="3703504" time="852111" power="184421" exp="0" num="1" destroy_time="-1" para1="" para2="" para3="" para4="" para5="" para6="" para_extra="" reward="-1" />
  <Data id="100324" level="25" type="100300" pre_build="100424" item="" food="6172507" stone="6172507" wood="4938006" iron="7407009" time="2982388" power="274029" exp="0" num="1" destroy_time="-1" para1="" para2="" para3="" para4="" para5="" para6="" para_extra="" reward="-1" />
  <Data id="100400" level="1" type="100400" pre_build="" item="" food="280" stone="560" wood="350" iron="210" time="90" power="18" exp="0" num="999" destroy_time="300" para1="912003|20" para2="" para3="" para4="" para5="" para6="" para_extra="" reward="-1" />
  <Data id="100401" level="2" type="100400" pre_build="100701" item="" food="420" stone="840" wood="525" iron="315" time="180" power="54" exp="0" num="999" destroy_time="300" para1="912003|40" para2="" para3="" para4="" para5="" para6="" para_extra="" reward="-1" />
  <Data id="100402" level="3" type="100400" pre_build="100702" item="" food="630" stone="1260" wood="787" iron="472" time="360" power="108" exp="0" num="999" destroy_time="300" para1="912003|80" para2="" para3="" para4="" para5="" para6="" para_extra="" reward="-1" />
  <Data id="100403" level="4" type="100400" pre_build="100703" item="" food="945" stone="1890" wood="1181" iron="708" time="720" power="183" exp="0" num="999" destroy_time="360" para1="912003|120" para2="" para3="" para4="" para5="" para6="" para_extra="" reward="-1" />
  <Data id="100404" level="5" type="100400" pre_build="100704" item="" food="1417" stone="2835" wood="1771" iron="1063" time="1440" power="289" exp="0" num="999" destroy_time="720" para1="912003|160" para2="" para3="" para4="" para5="" para6="" para_extra="" reward="-1" />
  <Data id="100405" level="6" type="100400" pre_build="100705" item="" food="2126" stone="4252" wood="2657" iron="1594" time="2880" power="437" exp="0" num="999" destroy_time="1440" para1="912003|220" para2="" para3="" para4="" para5="" para6="" para_extra="903000|100" reward="-1" />
  <Data id="100406" level="7" type="100400" pre_build="100706" item="" food="3189" stone="6378" wood="3986" iron="2392" time="5760" power="645" exp="0" num="999" destroy_time="2880" para1="912003|280" para2="" para3="" para4="" para5="" para6="" para_extra="" reward="-1" />
  <Data id="100407" level="8" type="100400" pre_build="100707" item="" food="4784" stone="9568" wood="5980" iron="3588" time="11520" power="935" exp="0" num="999" destroy_time="5760" para1="912003|360" para2="" para3="" para4="" para5="" para6="" para_extra="" reward="-1" />
  <Data id="100408" level="9" type="100400" pre_build="100708" item="" food="7176" stone="14352" wood="8970" iron="5382" time="20736" power="1342" exp="0" num="999" destroy_time="10368" para1="912003|440" para2="" para3="" para4="" para5="" para6="" para_extra="" reward="-1" />
  <Data id="100409" level="10" type="100400" pre_build="100709" item="" food="10764" stone="21528" wood="13455" iron="8073" time="33178" power="1911" exp="0" num="999" destroy_time="16589" para1="912003|520" para2="" para3="" para4="" para5="" para6="" para_extra="" reward="-1" />
  <Data id="100410" level="11" type="100400" pre_build="100710" item="" food="16146" stone="32292" wood="20182" iron="12109" time="43131" power="2708" exp="0" num="999" destroy_time="21566" para1="912003|620" para2="" para3="" para4="" para5="" para6="" para_extra="" reward="-1" />
  <Data id="100411" level="12" type="100400" pre_build="100711" item="" food="24219" stone="48438" wood="30274" iron="18164" time="49601" power="3823" exp="0" num="999" destroy_time="24801" para1="912003|720" para2="" para3="" para4="" para5="" para6="" para_extra="903000|200" reward="-1" />
  <Data id="100412" level="13" type="100400" pre_build="100712" item="" food="36328" stone="72657" wood="45411" iron="27246" time="57041" power="5385" exp="0" num="999" destroy_time="28521" para1="912003|820" para2="" para3="" para4="" para5="" para6="" para_extra="" reward="-1" />
  <Data id="100413" level="14" type="100400" pre_build="100713" item="" food="54493" stone="108986" wood="68116" iron="40870" time="65597" power="7572" exp="0" num="999" destroy_time="32799" para1="912003|940" para2="" para3="" para4="" para5="" para6="" para_extra="" reward="-1" />
  <Data id="100414" level="15" type="100400" pre_build="100714" item="" food="81740" stone="163480" wood="102175" iron="61305" time="75437" power="10634" exp="0" num="999" destroy_time="37719" para1="912003|1060" para2="" para3="" para4="" para5="" para6="" para_extra="" reward="-1" />
  <Data id="100415" level="16" type="100400" pre_build="100715" item="" food="122610" stone="245220" wood="153262" iron="91957" time="86752" power="14920" exp="0" num="999" destroy_time="43376" para1="912003|1180" para2="" para3="" para4="" para5="" para6="" para_extra="" reward="-1" />
  <Data id="100416" level="17" type="100400" pre_build="100716" item="" food="183915" stone="367830" wood="229894" iron="137936" time="99765" power="20920" exp="0" num="999" destroy_time="49883" para1="912003|1320" para2="" para3="" para4="" para5="" para6="" para_extra="" reward="-1" />
  <Data id="100417" level="18" type="100400" pre_build="100717" item="" food="275873" stone="551746" wood="344841" iron="206904" time="114729" power="29321" exp="0" num="999" destroy_time="57365" para1="912003|1460" para2="" para3="" para4="" para5="" para6="" para_extra="903000|300" reward="-1" />
  <Data id="100418" level="19" type="100400" pre_build="100718" item="" food="413809" stone="827619" wood="517262" iron="310357" time="131939" power="41082" exp="0" num="999" destroy_time="65970" para1="912003|1600" para2="" para3="" para4="" para5="" para6="" para_extra="" reward="-1" />
  <Data id="100419" level="20" type="100400" pre_build="100719" item="" food="620714" stone="1241429" wood="775893" iron="465535" time="151730" power="57547" exp="0" num="999" destroy_time="75865" para1="912003|1760" para2="" para3="" para4="" para5="" para6="" para_extra="" reward="-1" />
  <Data id="100420" level="21" type="100400" pre_build="100720" item="" food="931071" stone="1862143" wood="1163839" iron="698303" time="197248" power="80599" exp="0" num="999" destroy_time="98624" para1="912003|1920" para2="" para3="" para4="" para5="" para6="" para_extra="" reward="-1" />
  <Data id="100421" level="22" type="100400" pre_build="100721" item="" food="1396607" stone="2793215" wood="1745759" iron="1047455" time="315597" power="112871" exp="0" num="999" destroy_time="157799" para1="912003|2080" para2="" para3="" para4="" para5="" para6="" para_extra="" reward="-1" />
  <Data id="100422" level="23" type="100400" pre_build="100722" item="" food="2094911" stone="4189823" wood="2618639" iron="1571183" time="568074" power="158052" exp="0" num="999" destroy_time="284037" para1="912003|2260" para2="" para3="" para4="" para5="" para6="" para_extra="" reward="-1" />
  <Data id="100423" level="24" type="100400" pre_build="100723" item="" food="3142367" stone="6284735" wood="3927959" iron="2356775" time="1022533" power="221305" exp="0" num="999" destroy_time="511267" para1="912003|2500" para2="" para3="" para4="" para5="" para6="" para_extra="903000|400" reward="-1" />
  <Data id="100424" level="25" type="100400" pre_build="100724" item="" food="6284735" stone="12569470" wood="7855919" iron="4713551" time="3578865" power="328835" exp="0" num="999" destroy_time="1789433" para1="912003|5000" para2="" para3="" para4="" para5="" para6="" para_extra="903000|1000" reward="-1" />
  <Data id="100500" level="1" type="100500" pre_build="" item="" food="80" stone="100" wood="160" iron="60" time="90" power="12" exp="0" num="999" destroy_time="300" para1="913012|1000" para2="" para3="" para4="" para5="" para6="" para_extra="" reward="-1" />
  <Data id="100501" level="2" type="100500" pre_build="100401" item="" food="120" stone="150" wood="240" iron="90" time="180" power="36" exp="0" num="999" destroy_time="300" para1="913012|1500" para2="" para3="" para4="" para5="" para6="" para_extra="" reward="-1" />
  <Data id="100502" level="3" type="100500" pre_build="100402" item="" food="180" stone="225" wood="360" iron="135" time="360" power="72" exp="0" num="999" destroy_time="300" para1="913012|2200" para2="" para3="" para4="" para5="" para6="" para_extra="" reward="-1" />
  <Data id="100503" level="4" type="100500" pre_build="100403" item="" food="270" stone="337" wood="540" iron="202" time="720" power="122" exp="0" num="999" destroy_time="360" para1="913012|3000" para2="" para3="" para4="" para5="" para6="" para_extra="" reward="-1" />
  <Data id="100504" level="5" type="100500" pre_build="100404" item="" food="405" stone="506" wood="810" iron="303" time="1440" power="192" exp="0" num="999" destroy_time="720" para1="913012|4500" para2="" para3="" para4="" para5="" para6="" para_extra="" reward="-1" />
  <Data id="100505" level="6" type="100500" pre_build="100405" item="" food="607" stone="759" wood="1215" iron="455" time="2304" power="291" exp="0" num="999" destroy_time="1152" para1="913012|6000" para2="" para3="" para4="" para5="" para6="" para_extra="" reward="-1" />
  <Data id="100506" level="7" type="100500" pre_build="100406" item="" food="911" stone="1139" wood="1822" iron="683" time="3456" power="430" exp="0" num="999" destroy_time="1728" para1="913012|7500" para2="" para3="" para4="" para5="" para6="" para_extra="" reward="-1" />
  <Data id="100507" level="8" type="100500" pre_build="100407" item="" food="1822" stone="2278" wood="3645" iron="1366" time="5184" power="623" exp="0" num="999" destroy_time="2592" para1="913012|9000" para2="" para3="" para4="" para5="" para6="" para_extra="" reward="-1" />
  <Data id="100508" level="9" type="100500" pre_build="100408" item="" food="3645" stone="4556" wood="7290" iron="2733" time="7258" power="894" exp="0" num="999" destroy_time="3629" para1="913012|10500" para2="" para3="" para4="" para5="" para6="" para_extra="" reward="-1" />
  <Data id="100509" level="10" type="100500" pre_build="100409" item="" food="7290" stone="9112" wood="14580" iron="5467" time="10161" power="1274" exp="0" num="999" destroy_time="5081" para1="913012|12000" para2="" para3="" para4="" para5="" para6="" para_extra="" reward="-1" />
  <Data id="100510" level="11" type="100500" pre_build="100410" item="" food="14580" stone="18225" wood="29160" iron="10935" time="13209" power="1805" exp="0" num="999" destroy_time="6605" para1="913012|13500" para2="" para3="" para4="" para5="" para6="" para_extra="" reward="-1" />
  <Data id="100511" level="12" type="100500" pre_build="100411" item="" food="29160" stone="36450" wood="58320" iron="21870" time="17172" power="2549" exp="0" num="999" destroy_time="8586" para1="913012|15000" para2="" para3="" para4="" para5="" para6="" para_extra="" reward="-1" />
  <Data id="100512" level="13" type="100500" pre_build="100412" item="" food="58320" stone="72900" wood="116640" iron="43740" time="22323" power="3590" exp="0" num="999" destroy_time="11162" para1="913012|16500" para2="" para3="" para4="" para5="" para6="" para_extra="" reward="-1" />
  <Data id="100513" level="14" type="100500" pre_build="100413" item="" food="116640" stone="145800" wood="233280" iron="87480" time="29020" power="5048" exp="0" num="999" destroy_time="14510" para1="913012|18000" para2="" para3="" para4="" para5="" para6="" para_extra="" reward="-1" />
  <Data id="100514" level="15" type="100500" pre_build="100414" item="" food="233280" stone="291600" wood="466560" iron="174960" time="37726" power="7089" exp="0" num="999" destroy_time="18863" para1="913012|19500" para2="" para3="" para4="" para5="" para6="" para_extra="" reward="-1" />
  <Data id="100515" level="16" type="100500" pre_build="100415" item="" food="466560" stone="583200" wood="933120" iron="349920" time="49044" power="9946" exp="0" num="999" destroy_time="24522" para1="913012|21000" para2="" para3="" para4="" para5="" para6="" para_extra="" reward="-1" />
  <Data id="100516" level="17" type="100500" pre_build="100416" item="" food="699840" stone="874800" wood="1399680" iron="524880" time="53948" power="13947" exp="0" num="999" destroy_time="26974" para1="913012|22500" para2="" para3="" para4="" para5="" para6="" para_extra="" reward="-1" />
  <Data id="100517" level="18" type="100500" pre_build="100417" item="" food="909792" stone="1137240" wood="1819584" iron="682344" time="59343" power="19547" exp="0" num="999" destroy_time="29672" para1="913012|24000" para2="" para3="" para4="" para5="" para6="" para_extra="" reward="-1" />
  <Data id="100518" level="19" type="100500" pre_build="100418" item="" food="1182729" stone="1478412" wood="2365459" iron="887047" time="65277" power="27388" exp="0" num="999" destroy_time="32639" para1="913012|25500" para2="" para3="" para4="" para5="" para6="" para_extra="" reward="-1" />
  <Data id="100519" level="20" type="100500" pre_build="100419" item="" food="1537548" stone="1921935" wood="3075096" iron="1153161" time="71805" power="38365" exp="0" num="999" destroy_time="35903" para1="913012|27000" para2="" para3="" para4="" para5="" para6="" para_extra="" reward="-1" />
  <Data id="100520" level="21" type="100500" pre_build="100420" item="" food="1998813" stone="2498516" wood="3997626" iron="1499109" time="86166" power="53732" exp="0" num="999" destroy_time="43083" para1="913012|28500" para2="" para3="" para4="" para5="" para6="" para_extra="" reward="-1" />
  <Data id="100521" level="22" type="100500" pre_build="100421" item="" food="2598456" stone="3248071" wood="5196913" iron="1948842" time="129249" power="75247" exp="0" num="999" destroy_time="64625" para1="913012|30500" para2="" para3="" para4="" para5="" para6="" para_extra="" reward="-1" />
  <Data id="100522" level="23" type="100500" pre_build="100422" item="" food="3377994" stone="4222492" wood="6755988" iron="2533495" time="219722" power="105368" exp="0" num="999" destroy_time="109861" para1="913012|32500" para2="" para3="" para4="" para5="" para6="" para_extra="" reward="-1" />
  <Data id="100523" level="24" type="100500" pre_build="100423" item="" food="4391392" stone="5489240" wood="8782784" iron="3293544" time="417472" power="147536" exp="0" num="999" destroy_time="208736" para1="913012|34500" para2="" para3="" para4="" para5="" para6="" para_extra="" reward="-1" />
  <Data id="100524" level="25" type="100500" pre_build="100424" item="" food="8782784" stone="10978480" wood="17565568" iron="6587088" time="834944" power="219223" exp="0" num="999" destroy_time="417472" para1="913012|40000" para2="" para3="" para4="" para5="" para6="" para_extra="904000|500" reward="-1" />
  <Data id="100600" level="1" type="100600" pre_build="" item="" food="100" stone="100" wood="0" iron="100" time="60" power="6" exp="0" num="999" destroy_time="300" para1="910000|60" para2="910100|2800" para3="" para4="" para5="" para6="" para_extra="" reward="-1" />
  <Data id="100601" level="2" type="100600" pre_build="" item="" food="150" stone="150" wood="0" iron="150" time="120" power="20" exp="0" num="999" destroy_time="300" para1="910000|170" para2="910100|8400" para3="" para4="" para5="" para6="" para_extra="" reward="-1" />
  <Data id="100602" level="3" type="100600" pre_build="" item="" food="225" stone="225" wood="0" iron="225" time="240" power="41" exp="0" num="999" destroy_time="300" para1="910000|340" para2="910100|16700" para3="" para4="" para5="" para6="" para_extra="" reward="-1" />
  <Data id="100603" level="4" type="100600" pre_build="" item="" food="337" stone="337" wood="0" iron="337" time="480" power="70" exp="0" num="999" destroy_time="300" para1="910000|560" para2="910100|27800" para3="" para4="" para5="" para6="" para_extra="" reward="-1" />
  <Data id="100604" level="5" type="100600" pre_build="" item="" food="506" stone="506" wood="0" iron="506" time="960" power="111" exp="0" num="999" destroy_time="480" para1="910000|840" para2="910100|41700" para3="" para4="" para5="" para6="" para_extra="" reward="-1" />
  <Data id="100605" level="6" type="100600" pre_build="100005" item="" food="759" stone="759" wood="0" iron="759" time="1920" power="168" exp="0" num="999" destroy_time="960" para1="910000|1170" para2="910100|58400" para3="" para4="" para5="" para6="" para_extra="" reward="-1" />
  <Data id="100606" level="7" type="100600" pre_build="100006" item="" food="1139" stone="1139" wood="0" iron="1139" time="3840" power="248" exp="0" num="999" destroy_time="1920" para1="910000|1560" para2="910100|77800" para3="" para4="" para5="" para6="" para_extra="" reward="-1" />
  <Data id="100607" level="8" type="100600" pre_build="100007" item="" food="1708" stone="1708" wood="0" iron="1708" time="7680" power="360" exp="0" num="999" destroy_time="3840" para1="910000|2000" para2="910100|100000" para3="" para4="" para5="" para6="" para_extra="" reward="-1" />
  <Data id="100608" level="9" type="100600" pre_build="100008" item="" food="2562" stone="2562" wood="0" iron="2562" time="13824" power="517" exp="0" num="999" destroy_time="6912" para1="910000|2500" para2="910100|150000" para3="" para4="" para5="" para6="" para_extra="" reward="-1" />
  <Data id="100609" level="10" type="100600" pre_build="100009" item="" food="3844" stone="3844" wood="0" iron="3844" time="22119" power="737" exp="0" num="999" destroy_time="11060" para1="910000|3060" para2="910100|205600" para3="" para4="" para5="" para6="" para_extra="" reward="-1" />
  <Data id="100610" level="11" type="100600" pre_build="100010" item="" food="5766" stone="5766" wood="0" iron="5766" time="28754" power="1044" exp="0" num="999" destroy_time="14377" para1="910000|3670" para2="910100|266700" para3="" para4="" para5="" para6="" para_extra="" reward="-1" />
  <Data id="100611" level="12" type="100600" pre_build="100011" item="" food="8880" stone="8880" wood="0" iron="8880" time="33930" power="1475" exp="0" num="999" destroy_time="16965" para1="910000|4340" para2="910100|333400" para3="" para4="" para5="" para6="" para_extra="" reward="-1" />
  <Data id="100612" level="13" type="100600" pre_build="100012" item="" food="13675" stone="13675" wood="0" iron="13675" time="40037" power="2077" exp="0" num="999" destroy_time="20019" para1="910000|5060" para2="910100|405600" para3="" para4="" para5="" para6="" para_extra="" reward="-1" />
  <Data id="100613" level="14" type="100600" pre_build="100013" item="" food="21060" stone="21060" wood="0" iron="21060" time="47244" power="2921" exp="0" num="999" destroy_time="23622" para1="910000|5840" para2="910100|483400" para3="" para4="" para5="" para6="" para_extra="" reward="-1" />
  <Data id="100614" level="15" type="100600" pre_build="100014" item="" food="32433" stone="32433" wood="0" iron="32433" time="55748" power="4102" exp="0" num="999" destroy_time="27874" para1="910000|6670" para2="910100|566700" para3="" para4="" para5="" para6="" para_extra="" reward="-1" />
  <Data id="100615" level="16" type="100600" pre_build="100015" item="" food="49947" stone="49947" wood="0" iron="49947" time="65783" power="5756" exp="0" num="999" destroy_time="32892" para1="910000|7560" para2="910100|655600" para3="" para4="" para5="" para6="" para_extra="" reward="-1" />
  <Data id="100616" level="17" type="100600" pre_build="100016" item="" food="76919" stone="76919" wood="0" iron="76919" time="77623" power="8071" exp="0" num="999" destroy_time="38812" para1="910000|8500" para2="910100|797300" para3="" para4="" para5="" para6="" para_extra="" reward="-1" />
  <Data id="100617" level="18" type="100600" pre_build="100017" item="" food="118456" stone="118456" wood="0" iron="118456" time="91595" power="11312" exp="0" num="999" destroy_time="45798" para1="910000|9500" para2="910100|947300" para3="" para4="" para5="" para6="" para_extra="" reward="-1" />
  <Data id="100618" level="19" type="100600" pre_build="100018" item="" food="182422" stone="182422" wood="0" iron="182422" time="108082" power="15849" exp="0" num="999" destroy_time="54041" para1="910000|10560" para2="910100|1105600" para3="" para4="" para5="" para6="" para_extra="" reward="-1" />
  <Data id="100619" level="20" type="100600" pre_build="100019" item="" food="280930" stone="280930" wood="0" iron="280930" time="127537" power="22202" exp="0" num="999" destroy_time="63769" para1="910000|11670" para2="910100|1272300" para3="" para4="" para5="" para6="" para_extra="" reward="-1" />
  <Data id="100620" level="21" type="100600" pre_build="100020" item="" food="432633" stone="432633" wood="0" iron="432633" time="172175" power="31095" exp="0" num="999" destroy_time="86088" para1="910000|12840" para2="910100|1447300" para3="" para4="" para5="" para6="" para_extra="" reward="-1" />
  <Data id="100621" level="22" type="100600" pre_build="100021" item="" food="666255" stone="666255" wood="0" iron="666255" time="284088" power="43545" exp="0" num="999" destroy_time="142044" para1="910000|14060" para2="910100|1630600" para3="" para4="" para5="" para6="" para_extra="" reward="-1" />
  <Data id="100622" level="23" type="100600" pre_build="100022" item="" food="1026032" stone="1026032" wood="0" iron="1026032" time="511359" power="60976" exp="0" num="999" destroy_time="255680" para1="910000|15340" para2="910100|1822300" para3="" para4="" para5="" para6="" para_extra="" reward="-1" />
  <Data id="100623" level="24" type="100600" pre_build="100023" item="" food="1580090" stone="1580090" wood="0" iron="1580090" time="971581" power="85380" exp="0" num="999" destroy_time="485791" para1="910000|16670" para2="910100|2022300" para3="" para4="" para5="" para6="" para_extra="" reward="-1" />
  <Data id="100624" level="25" type="100600" pre_build="100024" item="" food="3160180" stone="3160180" wood="0" iron="3160180" time="3497692" power="126865" exp="0" num="999" destroy_time="1748846" para1="910000|30560" para2="910100|2300100" para3="" para4="" para5="" para6="" para_extra="" reward="-1" />
  <Data id="100700" level="1" type="100700" pre_build="" item="" food="100" stone="0" wood="100" iron="100" time="60" power="6" exp="0" num="999" destroy_time="300" para1="910001|60" para2="910101|2800" para3="" para4="" para5="" para6="" para_extra="" reward="-1" />
  <Data id="100701" level="2" type="100700" pre_build="" item="" food="150" stone="0" wood="150" iron="150" time="140" power="20" exp="0" num="999" destroy_time="300" para1="910001|170" para2="910101|8400" para3="" para4="" para5="" para6="" para_extra="" reward="-1" />
  <Data id="100702" level="3" type="100700" pre_build="" item="" food="225" stone="0" wood="225" iron="225" time="280" power="41" exp="0" num="999" destroy_time="300" para1="910001|340" para2="910101|16700" para3="" para4="" para5="" para6="" para_extra="" reward="-1" />
  <Data id="100703" level="4" type="100700" pre_build="" item="" food="337" stone="0" wood="337" iron="337" time="560" power="70" exp="0" num="999" destroy_time="300" para1="910001|560" para2="910101|27800" para3="" para4="" para5="" para6="" para_extra="" reward="-1" />
  <Data id="100704" level="5" type="100700" pre_build="" item="" food="506" stone="0" wood="506" iron="506" time="1119" power="111" exp="0" num="999" destroy_time="560" para1="910001|840" para2="910101|41700" para3="" para4="" para5="" para6="" para_extra="" reward="-1" />
  <Data id="100705" level="6" type="100700" pre_build="100005" item="" food="759" stone="0" wood="759" iron="759" time="2237" power="168" exp="0" num="999" destroy_time="1119" para1="910001|1170" para2="910101|58400" para3="" para4="" para5="" para6="" para_extra="" reward="-1" />
  <Data id="100706" level="7" type="100700" pre_build="100006" item="" food="1139" stone="0" wood="1139" iron="1139" time="4474" power="248" exp="0" num="999" destroy_time="2237" para1="910001|1560" para2="910101|77800" para3="" para4="" para5="" para6="" para_extra="" reward="-1" />
  <Data id="100707" level="8" type="100700" pre_build="100007" item="" food="1708" stone="0" wood="1708" iron="1708" time="8948" power="360" exp="0" num="999" destroy_time="4474" para1="910001|2000" para2="910101|100000" para3="" para4="" para5="" para6="" para_extra="" reward="-1" />
  <Data id="100708" level="9" type="100700" pre_build="100008" item="" food="2562" stone="0" wood="2562" iron="2562" time="16105" power="517" exp="0" num="999" destroy_time="8053" para1="910001|2500" para2="910101|150000" para3="" para4="" para5="" para6="" para_extra="" reward="-1" />
  <Data id="100709" level="10" type="100700" pre_build="100009" item="" food="3844" stone="0" wood="3844" iron="3844" time="25768" power="737" exp="0" num="999" destroy_time="12884" para1="910001|3060" para2="910101|205600" para3="" para4="" para5="" para6="" para_extra="" reward="-1" />
  <Data id="100710" level="11" type="100700" pre_build="100010" item="" food="5766" stone="0" wood="5766" iron="5766" time="33499" power="1044" exp="0" num="999" destroy_time="16750" para1="910001|3670" para2="910101|266700" para3="" para4="" para5="" para6="" para_extra="" reward="-1" />
  <Data id="100711" level="12" type="100700" pre_build="100011" item="" food="8880" stone="0" wood="8880" iron="8880" time="39529" power="1475" exp="0" num="999" destroy_time="19765" para1="910001|4340" para2="910101|333400" para3="" para4="" para5="" para6="" para_extra="" reward="-1" />
  <Data id="100712" level="13" type="100700" pre_build="100012" item="" food="13675" stone="0" wood="13675" iron="13675" time="46644" power="2077" exp="0" num="999" destroy_time="23322" para1="910001|5060" para2="910101|405600" para3="" para4="" para5="" para6="" para_extra="" reward="-1" />
  <Data id="100713" level="14" type="100700" pre_build="100013" item="" food="21060" stone="0" wood="21060" iron="21060" time="55039" power="2921" exp="0" num="999" destroy_time="27520" para1="910001|5840" para2="910101|483400" para3="" para4="" para5="" para6="" para_extra="" reward="-1" />
  <Data id="100714" level="15" type="100700" pre_build="100014" item="" food="32433" stone="0" wood="32433" iron="32433" time="64946" power="4102" exp="0" num="999" destroy_time="32473" para1="910001|6670" para2="910101|566700" para3="" para4="" para5="" para6="" para_extra="" reward="-1" />
  <Data id="100715" level="16" type="100700" pre_build="100015" item="" food="49947" stone="0" wood="49947" iron="49947" time="76637" power="5756" exp="0" num="999" destroy_time="38319" para1="910001|7560" para2="910101|655600" para3="" para4="" para5="" para6="" para_extra="" reward="-1" />
  <Data id="100716" level="17" type="100700" pre_build="100016" item="" food="76919" stone="0" wood="76919" iron="76919" time="90431" power="8071" exp="0" num="999" destroy_time="45216" para1="910001|8500" para2="910101|797300" para3="" para4="" para5="" para6="" para_extra="" reward="-1" />
  <Data id="100717" level="18" type="100700" pre_build="100017" item="" food="118456" stone="0" wood="118456" iron="118456" time="106709" power="11312" exp="0" num="999" destroy_time="53355" para1="910001|9500" para2="910101|947300" para3="" para4="" para5="" para6="" para_extra="" reward="-1" />
  <Data id="100718" level="19" type="100700" pre_build="100018" item="" food="182422" stone="0" wood="182422" iron="182422" time="125916" power="15849" exp="0" num="999" destroy_time="62958" para1="910001|10560" para2="910101|1105600" para3="" para4="" para5="" para6="" para_extra="" reward="-1" />
  <Data id="100719" level="20" type="100700" pre_build="100019" item="" food="280930" stone="0" wood="280930" iron="280930" time="148581" power="22202" exp="0" num="999" destroy_time="74291" para1="910001|11670" para2="910101|1272300" para3="" para4="" para5="" para6="" para_extra="" reward="-1" />
  <Data id="100720" level="21" type="100700" pre_build="100020" item="" food="432633" stone="0" wood="432633" iron="432633" time="200584" power="31095" exp="0" num="999" destroy_time="100292" para1="910001|12840" para2="910101|1447300" para3="" para4="" para5="" para6="" para_extra="" reward="-1" />
  <Data id="100721" level="22" type="100700" pre_build="100021" item="" food="666255" stone="0" wood="666255" iron="666255" time="330963" power="43545" exp="0" num="999" destroy_time="165482" para1="910001|14060" para2="910101|1630600" para3="" para4="" para5="" para6="" para_extra="" reward="-1" />
  <Data id="100722" level="23" type="100700" pre_build="100022" item="" food="1026032" stone="0" wood="1026032" iron="1026032" time="595733" power="60976" exp="0" num="999" destroy_time="297867" para1="910001|15340" para2="910101|1822300" para3="" para4="" para5="" para6="" para_extra="" reward="-1" />
  <Data id="100723" level="24" type="100700" pre_build="100023" item="" food="1580090" stone="0" wood="1580090" iron="1580090" time="1131892" power="85380" exp="0" num="999" destroy_time="565946" para1="910001|16670" para2="910101|2022300" para3="" para4="" para5="" para6="" para_extra="" reward="-1" />
  <Data id="100724" level="25" type="100700" pre_build="100024" item="" food="3160180" stone="0" wood="3160180" iron="3160180" time="4074811" power="126865" exp="0" num="999" destroy_time="2037406" para1="910001|30560" para2="910101|2300100" para3="" para4="" para5="" para6="" para_extra="" reward="-1" />
  <Data id="100800" level="1" type="100800" pre_build="" item="" food="100" stone="100" wood="100" iron="0" time="60" power="6" exp="0" num="999" destroy_time="300" para1="910002|40" para2="910102|2100" para3="" para4="" para5="" para6="" para_extra="" reward="-1" />
  <Data id="100801" level="2" type="100800" pre_build="" item="" food="150" stone="150" wood="150" iron="0" time="160" power="20" exp="0" num="999" destroy_time="300" para1="910002|120" para2="910102|6300" para3="" para4="" para5="" para6="" para_extra="" reward="-1" />
  <Data id="100802" level="3" type="100800" pre_build="" item="" food="225" stone="225" wood="225" iron="0" time="320" power="41" exp="0" num="999" destroy_time="300" para1="910002|250" para2="910102|12600" para3="" para4="" para5="" para6="" para_extra="" reward="-1" />
  <Data id="100803" level="4" type="100800" pre_build="" item="" food="337" stone="337" wood="337" iron="0" time="639" power="70" exp="0" num="999" destroy_time="320" para1="910002|420" para2="910102|20900" para3="" para4="" para5="" para6="" para_extra="" reward="-1" />
  <Data id="100804" level="5" type="100800" pre_build="" item="" food="506" stone="506" wood="506" iron="0" time="1277" power="111" exp="0" num="999" destroy_time="639" para1="910002|630" para2="910102|31300" para3="" para4="" para5="" para6="" para_extra="" reward="-1" />
  <Data id="100805" level="6" type="100800" pre_build="100005" item="" food="759" stone="759" wood="759" iron="0" time="2554" power="168" exp="0" num="999" destroy_time="1277" para1="910002|880" para2="910102|43800" para3="" para4="" para5="" para6="" para_extra="" reward="-1" />
  <Data id="100806" level="7" type="100800" pre_build="100006" item="" food="1139" stone="1139" wood="1139" iron="0" time="5108" power="248" exp="0" num="999" destroy_time="2554" para1="910002|1170" para2="910102|58400" para3="" para4="" para5="" para6="" para_extra="" reward="-1" />
  <Data id="100807" level="8" type="100800" pre_build="100007" item="" food="1708" stone="1708" wood="1708" iron="0" time="10215" power="360" exp="0" num="999" destroy_time="5108" para1="910002|1500" para2="910102|75100" para3="" para4="" para5="" para6="" para_extra="" reward="-1" />
  <Data id="100808" level="9" type="100800" pre_build="100008" item="" food="2562" stone="2562" wood="2562" iron="0" time="18386" power="517" exp="0" num="999" destroy_time="9193" para1="910002|1880" para2="910102|112600" para3="" para4="" para5="" para6="" para_extra="" reward="-1" />
  <Data id="100809" level="10" type="100800" pre_build="100009" item="" food="3844" stone="3844" wood="3844" iron="0" time="29418" power="737" exp="0" num="999" destroy_time="14709" para1="910002|2300" para2="910102|154300" para3="" para4="" para5="" para6="" para_extra="" reward="-1" />
  <Data id="100810" level="11" type="100800" pre_build="100010" item="" food="5766" stone="5766" wood="5766" iron="0" time="38243" power="1044" exp="0" num="999" destroy_time="19122" para1="910002|2760" para2="910102|200100" para3="" para4="" para5="" para6="" para_extra="" reward="-1" />
  <Data id="100811" level="12" type="100800" pre_build="100011" item="" food="8880" stone="8880" wood="8880" iron="0" time="45127" power="1475" exp="0" num="999" destroy_time="22564" para1="910002|3260" para2="910102|250100" para3="" para4="" para5="" para6="" para_extra="" reward="-1" />
  <Data id="100812" level="13" type="100800" pre_build="100012" item="" food="13675" stone="13675" wood="13675" iron="0" time="53250" power="2077" exp="0" num="999" destroy_time="26625" para1="910002|3800" para2="910102|304300" para3="" para4="" para5="" para6="" para_extra="" reward="-1" />
  <Data id="100813" level="14" type="100800" pre_build="100013" item="" food="21060" stone="21060" wood="21060" iron="0" time="62835" power="2921" exp="0" num="999" destroy_time="31418" para1="910002|4380" para2="910102|362600" para3="" para4="" para5="" para6="" para_extra="" reward="-1" />
  <Data id="100814" level="15" type="100800" pre_build="100014" item="" food="32433" stone="32433" wood="32433" iron="0" time="74145" power="4102" exp="0" num="999" destroy_time="37073" para1="910002|5010" para2="910102|425100" para3="" para4="" para5="" para6="" para_extra="" reward="-1" />
  <Data id="100815" level="16" type="100800" pre_build="100015" item="" food="49947" stone="49947" wood="49947" iron="0" time="87491" power="5756" exp="0" num="999" destroy_time="43746" para1="910002|5680" para2="910102|491800" para3="" para4="" para5="" para6="" para_extra="" reward="-1" />
  <Data id="100816" level="17" type="100800" pre_build="100016" item="" food="76919" stone="76919" wood="76919" iron="0" time="103239" power="8071" exp="0" num="999" destroy_time="51620" para1="910002|6390" para2="910102|598100" para3="" para4="" para5="" para6="" para_extra="" reward="-1" />
  <Data id="100817" level="18" type="100800" pre_build="100017" item="" food="118456" stone="118456" wood="118456" iron="0" time="121822" power="11312" exp="0" num="999" destroy_time="60911" para1="910002|7140" para2="910102|710600" para3="" para4="" para5="" para6="" para_extra="" reward="-1" />
  <Data id="100818" level="19" type="100800" pre_build="100018" item="" food="182422" stone="182422" wood="182422" iron="0" time="143749" power="15849" exp="0" num="999" destroy_time="71875" para1="910002|7930" para2="910102|829400" para3="" para4="" para5="" para6="" para_extra="" reward="-1" />
  <Data id="100819" level="20" type="100800" pre_build="100019" item="" food="280930" stone="280930" wood="280930" iron="0" time="169624" power="22202" exp="0" num="999" destroy_time="84812" para1="910002|8760" para2="910102|954400" para3="" para4="" para5="" para6="" para_extra="" reward="-1" />
  <Data id="100820" level="21" type="100800" pre_build="100020" item="" food="432633" stone="432633" wood="432633" iron="0" time="228993" power="31095" exp="0" num="999" destroy_time="114497" para1="910002|9640" para2="910102|1085700" para3="" para4="" para5="" para6="" para_extra="" reward="-1" />
  <Data id="100821" level="22" type="100800" pre_build="100021" item="" food="666255" stone="666255" wood="666255" iron="0" time="377837" power="43545" exp="0" num="999" destroy_time="188919" para1="910002|10560" para2="910102|1223200" para3="" para4="" para5="" para6="" para_extra="" reward="-1" />
  <Data id="100822" level="23" type="100800" pre_build="100022" item="" food="1026032" stone="1026032" wood="1026032" iron="0" time="680107" power="60976" exp="0" num="999" destroy_time="340054" para1="910002|11520" para2="910102|1367000" para3="" para4="" para5="" para6="" para_extra="" reward="-1" />
  <Data id="100823" level="24" type="100800" pre_build="100023" item="" food="1580090" stone="1580090" wood="1580090" iron="0" time="1292203" power="85380" exp="0" num="999" destroy_time="646102" para1="910002|12520" para2="910102|1517000" para3="" para4="" para5="" para6="" para_extra="" reward="-1" />
  <Data id="100824" level="25" type="100800" pre_build="100024" item="" food="3160180" stone="3160180" wood="3160180" iron="0" time="4651930" power="126865" exp="0" num="999" destroy_time="2325965" para1="910002|22940" para2="910102|1725300" para3="" para4="" para5="" para6="" para_extra="" reward="-1" />
  <Data id="100900" level="1" type="100900" pre_build="" item="" food="0" stone="100" wood="100" iron="100" time="72" power="6" exp="0" num="999" destroy_time="300" para1="910003|70" para2="910103|3500" para3="" para4="" para5="" para6="" para_extra="" reward="-1" />
  <Data id="100901" level="2" type="100900" pre_build="" item="" food="0" stone="150" wood="150" iron="150" time="108" power="20" exp="0" num="999" destroy_time="300" para1="910003|210" para2="910103|10400" para3="" para4="" para5="" para6="" para_extra="" reward="-1" />
  <Data id="100902" level="3" type="100900" pre_build="" item="" food="0" stone="225" wood="225" iron="225" time="216" power="41" exp="0" num="999" destroy_time="300" para1="910003|420" para2="910103|20800" para3="" para4="" para5="" para6="" para_extra="" reward="-1" />
  <Data id="100903" level="4" type="100900" pre_build="" item="" food="0" stone="337" wood="337" iron="337" time="432" power="70" exp="0" num="999" destroy_time="300" para1="910003|700" para2="910103|34700" para3="" para4="" para5="" para6="" para_extra="" reward="-1" />
  <Data id="100904" level="5" type="100900" pre_build="" item="" food="0" stone="506" wood="506" iron="506" time="864" power="111" exp="0" num="999" destroy_time="432" para1="910003|1050" para2="910103|52100" para3="" para4="" para5="" para6="" para_extra="" reward="-1" />
  <Data id="100905" level="6" type="100900" pre_build="100005" item="" food="0" stone="759" wood="759" iron="759" time="1728" power="168" exp="0" num="999" destroy_time="864" para1="910003|1470" para2="910103|72900" para3="" para4="" para5="" para6="" para_extra="" reward="-1" />
  <Data id="100906" level="7" type="100900" pre_build="100006" item="" food="0" stone="1139" wood="1139" iron="1139" time="3456" power="248" exp="0" num="999" destroy_time="1728" para1="910003|1960" para2="910103|97200" para3="" para4="" para5="" para6="" para_extra="" reward="-1" />
  <Data id="100907" level="8" type="100900" pre_build="100007" item="" food="0" stone="1708" wood="1708" iron="1708" time="6912" power="360" exp="0" num="999" destroy_time="3456" para1="910003|2520" para2="910103|125000" para3="" para4="" para5="" para6="" para_extra="" reward="-1" />
  <Data id="100908" level="9" type="100900" pre_build="100008" item="" food="0" stone="2562" wood="2562" iron="2562" time="12442" power="517" exp="0" num="999" destroy_time="6221" para1="910003|3150" para2="910103|187500" para3="" para4="" para5="" para6="" para_extra="" reward="-1" />
  <Data id="100909" level="10" type="100900" pre_build="100009" item="" food="0" stone="3844" wood="3844" iron="3844" time="19907" power="737" exp="0" num="999" destroy_time="9954" para1="910003|3840" para2="910103|256900" para3="" para4="" para5="" para6="" para_extra="" reward="-1" />
  <Data id="100910" level="11" type="100900" pre_build="100010" item="" food="0" stone="5766" wood="5766" iron="5766" time="25879" power="1044" exp="0" num="999" destroy_time="12940" para1="910003|4600" para2="910103|333300" para3="" para4="" para5="" para6="" para_extra="" reward="-1" />
  <Data id="100911" level="12" type="100900" pre_build="100011" item="" food="0" stone="8880" wood="8880" iron="8880" time="30020" power="1475" exp="0" num="999" destroy_time="15010" para1="910003|5430" para2="910103|416600" para3="" para4="" para5="" para6="" para_extra="" reward="-1" />
  <Data id="100912" level="13" type="100900" pre_build="100012" item="" food="0" stone="13675" wood="13675" iron="13675" time="35423" power="2077" exp="0" num="999" destroy_time="17712" para1="910003|6330" para2="910103|506900" para3="" para4="" para5="" para6="" para_extra="" reward="-1" />
  <Data id="100913" level="14" type="100900" pre_build="100013" item="" food="0" stone="21060" wood="21060" iron="21060" time="41799" power="2921" exp="0" num="999" destroy_time="20900" para1="910003|7300" para2="910103|604100" para3="" para4="" para5="" para6="" para_extra="" reward="-1" />
  <Data id="100914" level="15" type="100900" pre_build="100014" item="" food="0" stone="32433" wood="32433" iron="32433" time="49323" power="4102" exp="0" num="999" destroy_time="24662" para1="910003|8340" para2="910103|708300" para3="" para4="" para5="" para6="" para_extra="" reward="-1" />
  <Data id="100915" level="16" type="100900" pre_build="100015" item="" food="0" stone="49947" wood="49947" iron="49947" time="58201" power="5756" exp="0" num="999" destroy_time="29101" para1="910003|9450" para2="910103|819400" para3="" para4="" para5="" para6="" para_extra="" reward="-1" />
  <Data id="100916" level="17" type="100900" pre_build="100016" item="" food="0" stone="76919" wood="76919" iron="76919" time="68677" power="8071" exp="0" num="999" destroy_time="34339" para1="910003|10630" para2="910103|996500" para3="" para4="" para5="" para6="" para_extra="" reward="-1" />
  <Data id="100917" level="18" type="100900" pre_build="100017" item="" food="0" stone="118456" wood="118456" iron="118456" time="81039" power="11312" exp="0" num="999" destroy_time="40520" para1="910003|11880" para2="910103|1184000" para3="" para4="" para5="" para6="" para_extra="" reward="-1" />
  <Data id="100918" level="19" type="100900" pre_build="100018" item="" food="0" stone="182422" wood="182422" iron="182422" time="95626" power="15849" exp="0" num="999" destroy_time="47813" para1="910003|13200" para2="910103|1381900" para3="" para4="" para5="" para6="" para_extra="" reward="-1" />
  <Data id="100919" level="20" type="100900" pre_build="100019" item="" food="0" stone="280930" wood="280930" iron="280930" time="112838" power="22202" exp="0" num="999" destroy_time="56419" para1="910003|14590" para2="910103|1590200" para3="" para4="" para5="" para6="" para_extra="" reward="-1" />
  <Data id="100920" level="21" type="100900" pre_build="100020" item="" food="0" stone="432633" wood="432633" iron="432633" time="152331" power="31095" exp="0" num="999" destroy_time="76166" para1="910003|16050" para2="910103|1809000" para3="" para4="" para5="" para6="" para_extra="" reward="-1" />
  <Data id="100921" level="22" type="100900" pre_build="100021" item="" food="0" stone="666255" wood="666255" iron="666255" time="251346" power="43545" exp="0" num="999" destroy_time="125673" para1="910003|17580" para2="910103|2038200" para3="" para4="" para5="" para6="" para_extra="" reward="-1" />
  <Data id="100922" level="23" type="100900" pre_build="100022" item="" food="0" stone="1026032" wood="1026032" iron="1026032" time="452423" power="60976" exp="0" num="999" destroy_time="226212" para1="910003|19180" para2="910103|2277800" para3="" para4="" para5="" para6="" para_extra="" reward="-1" />
  <Data id="100923" level="24" type="100900" pre_build="100023" item="" food="0" stone="1580090" wood="1580090" iron="1580090" time="814360" power="85380" exp="0" num="999" destroy_time="407180" para1="910003|20850" para2="910103|2527800" para3="" para4="" para5="" para6="" para_extra="" reward="-1" />
  <Data id="100924" level="25" type="100900" pre_build="100024" item="" food="0" stone="3160180" wood="3160180" iron="3160180" time="2850260" power="126865" exp="0" num="999" destroy_time="1425130" para1="910003|38210" para2="910103|2875000" para3="" para4="" para5="" para6="" para_extra="" reward="-1" />
  <Data id="101000" level="1" type="101000" pre_build="100900|100600" item="" food="144" stone="240" wood="240" iron="176" time="60" power="12" exp="0" num="999" destroy_time="300" para1="910004|15" para2="910104|800" para3="912002|50" para4="" para5="" para6="" para_extra="" reward="-1" />
  <Data id="101001" level="2" type="101000" pre_build="100900|100600" item="" food="216" stone="360" wood="360" iron="264" time="96" power="36" exp="0" num="999" destroy_time="300" para1="910004|45" para2="910104|2400" para3="912002|100" para4="" para5="" para6="" para_extra="" reward="-1" />
  <Data id="101002" level="3" type="101000" pre_build="100901|100601" item="" food="324" stone="540" wood="540" iron="396" time="192" power="72" exp="0" num="999" destroy_time="300" para1="910004|90" para2="910104|4800" para3="912002|150" para4="" para5="" para6="" para_extra="" reward="-1" />
  <Data id="101003" level="4" type="101000" pre_build="100901|100601" item="" food="486" stone="810" wood="810" iron="594" time="384" power="122" exp="0" num="999" destroy_time="300" para1="910004|150" para2="910104|8000" para3="912002|200" para4="" para5="" para6="" para_extra="" reward="-1" />
  <Data id="101004" level="5" type="101000" pre_build="100902|100602" item="" food="729" stone="1215" wood="1215" iron="891" time="768" power="192" exp="0" num="999" destroy_time="384" para1="910004|225" para2="910104|12000" para3="912002|250" para4="" para5="" para6="" para_extra="" reward="-1" />
  <Data id="101005" level="6" type="101000" pre_build="100905|100605" item="" food="1093" stone="1822" wood="1822" iron="1336" time="1536" power="291" exp="0" num="999" destroy_time="768" para1="910004|315" para2="910104|16800" para3="912002|300" para4="" para5="" para6="" para_extra="" reward="-1" />
  <Data id="101006" level="7" type="101000" pre_build="100906|100606" item="" food="1640" stone="2733" wood="2733" iron="2004" time="3072" power="430" exp="0" num="999" destroy_time="1536" para1="910004|420" para2="910104|22400" para3="912002|350" para4="" para5="" para6="" para_extra="" reward="-1" />
  <Data id="101007" level="8" type="101000" pre_build="100907|100607" item="" food="2460" stone="4100" wood="4100" iron="3007" time="6144" power="623" exp="0" num="999" destroy_time="3072" para1="910004|540" para2="910104|28800" para3="912002|400" para4="" para5="" para6="" para_extra="" reward="-1" />
  <Data id="101008" level="9" type="101000" pre_build="100908|100608" item="" food="3690" stone="6150" wood="6150" iron="4510" time="11060" power="894" exp="0" num="999" destroy_time="5530" para1="910004|675" para2="910104|43200" para3="912002|450" para4="" para5="" para6="" para_extra="" reward="-1" />
  <Data id="101009" level="10" type="101000" pre_build="100909|100609" item="" food="5535" stone="9226" wood="9226" iron="6766" time="17695" power="1274" exp="0" num="999" destroy_time="8848" para1="910004|825" para2="910104|59200" para3="912002|500" para4="" para5="" para6="" para_extra="" reward="-1" />
  <Data id="101010" level="11" type="101000" pre_build="100910|100610" item="" food="8303" stone="13839" wood="13839" iron="10149" time="23004" power="1805" exp="0" num="999" destroy_time="11502" para1="910004|990" para2="910104|76800" para3="912002|550" para4="" para5="" para6="" para_extra="" reward="-1" />
  <Data id="101011" level="12" type="101000" pre_build="100911|100611" item="" food="12455" stone="20759" wood="20759" iron="15223" time="26454" power="2549" exp="0" num="999" destroy_time="13227" para1="910004|1170" para2="910104|96000" para3="912002|600" para4="" para5="" para6="" para_extra="" reward="-1" />
  <Data id="101012" level="13" type="101000" pre_build="100912|100612" item="" food="18683" stone="31139" wood="31139" iron="22835" time="30422" power="3590" exp="0" num="999" destroy_time="15211" para1="910004|1365" para2="910104|116800" para3="912002|650" para4="" para5="" para6="" para_extra="" reward="-1" />
  <Data id="101013" level="14" type="101000" pre_build="100913|100613" item="" food="28025" stone="46708" wood="46708" iron="34253" time="34985" power="5048" exp="0" num="999" destroy_time="17493" para1="910004|1575" para2="910104|139200" para3="912002|700" para4="" para5="" para6="" para_extra="" reward="-1" />
  <Data id="101014" level="15" type="101000" pre_build="100914|100614" item="" food="42037" stone="70063" wood="70063" iron="51379" time="40233" power="7089" exp="0" num="999" destroy_time="20117" para1="910004|1800" para2="910104|163200" para3="912002|750" para4="" para5="" para6="" para_extra="" reward="-1" />
  <Data id="101015" level="16" type="101000" pre_build="100915|100615" item="" food="63056" stone="105094" wood="105094" iron="77069" time="46268" power="9946" exp="0" num="999" destroy_time="23134" para1="910004|2040" para2="910104|188800" para3="912002|800" para4="" para5="" para6="" para_extra="" reward="-1" />
  <Data id="101016" level="17" type="101000" pre_build="100916|100616" item="" food="94585" stone="157641" wood="157641" iron="115603" time="53208" power="13947" exp="0" num="999" destroy_time="26604" para1="910004|2295" para2="910104|229600" para3="912002|900" para4="" para5="" para6="" para_extra="" reward="-1" />
  <Data id="101017" level="18" type="101000" pre_build="100917|100617" item="" food="141877" stone="236462" wood="236462" iron="173405" time="61189" power="19547" exp="0" num="999" destroy_time="30595" para1="910004|2565" para2="910104|272800" para3="912002|1000" para4="" para5="" para6="" para_extra="" reward="-1" />
  <Data id="101018" level="19" type="101000" pre_build="100918|100618" item="" food="212816" stone="354694" wood="354694" iron="260108" time="70368" power="27388" exp="0" num="999" destroy_time="35184" para1="910004|2850" para2="910104|318400" para3="912002|1100" para4="" para5="" para6="" para_extra="" reward="-1" />
  <Data id="101019" level="20" type="101000" pre_build="100919|100619" item="" food="319224" stone="532041" wood="532041" iron="390163" time="80923" power="38365" exp="0" num="999" destroy_time="40462" para1="910004|3150" para2="910104|366400" para3="912002|1200" para4="" para5="" para6="" para_extra="" reward="-1" />
  <Data id="101020" level="21" type="101000" pre_build="100920|100620" item="" food="478836" stone="798061" wood="798061" iron="585245" time="105199" power="53732" exp="0" num="999" destroy_time="52600" para1="910004|3465" para2="910104|416800" para3="912002|1300" para4="" para5="" para6="" para_extra="" reward="-1" />
  <Data id="101021" level="22" type="101000" pre_build="100921|100621" item="" food="718255" stone="1197092" wood="1197092" iron="877867" time="168319" power="75247" exp="0" num="999" destroy_time="84160" para1="910004|3795" para2="910104|469600" para3="912002|1400" para4="" para5="" para6="" para_extra="" reward="-1" />
  <Data id="101022" level="23" type="101000" pre_build="100922|100622" item="" food="1077383" stone="1795638" wood="1795638" iron="1316801" time="302973" power="105368" exp="0" num="999" destroy_time="151487" para1="910004|4140" para2="910104|524800" para3="912002|1500" para4="" para5="" para6="" para_extra="" reward="-1" />
  <Data id="101023" level="24" type="101000" pre_build="100923|100623" item="" food="1616074" stone="2693457" wood="2693457" iron="1975202" time="545351" power="147536" exp="0" num="999" destroy_time="272676" para1="910004|4500" para2="910104|582400" para3="912002|1600" para4="" para5="" para6="" para_extra="" reward="-1" />
  <Data id="101024" level="25" type="101000" pre_build="100924|100624" item="" food="3232149" stone="5386915" wood="5386915" iron="3950404" time="1908728" power="219223" exp="0" num="999" destroy_time="954364" para1="910004|4875" para2="910104|662400" para3="912002|2000" para4="" para5="" para6="" para_extra="902000|200" reward="-1" />
  <Data id="101100" level="1" type="101100" pre_build="100000" item="" food="465" stone="465" wood="372" iron="558" time="101" power="32" exp="0" num="1" destroy_time="-1" para1="911053|50" para2="" para3="" para4="" para5="" para6="" para_extra="" reward="-1" />
  <Data id="101101" level="2" type="101100" pre_build="100001" item="" food="697" stone="697" wood="558" iron="837" time="201" power="96" exp="0" num="1" destroy_time="-1" para1="911053|100" para2="" para3="" para4="" para5="" para6="" para_extra="" reward="-1" />
  <Data id="101102" level="3" type="101100" pre_build="100002" item="" food="1046" stone="1046" wood="837" iron="1255" time="401" power="192" exp="0" num="1" destroy_time="-1" para1="911053|150" para2="" para3="" para4="" para5="" para6="" para_extra="" reward="-1" />
  <Data id="101103" level="4" type="101100" pre_build="100003" item="" food="1569" stone="1569" wood="1255" iron="1883" time="802" power="326" exp="0" num="1" destroy_time="-1" para1="911053|200" para2="" para3="" para4="" para5="" para6="" para_extra="" reward="-1" />
  <Data id="101104" level="5" type="101100" pre_build="100004" item="" food="2354" stone="2354" wood="1883" iron="2824" time="1604" power="514" exp="0" num="1" destroy_time="-1" para1="911053|250" para2="" para3="" para4="" para5="" para6="" para_extra="" reward="-1" />
  <Data id="101105" level="6" type="101100" pre_build="100005" item="" food="3531" stone="3531" wood="2824" iron="4237" time="3207" power="777" exp="0" num="1" destroy_time="-1" para1="911053|300" para2="" para3="" para4="" para5="" para6="" para_extra="" reward="-1" />
  <Data id="101106" level="7" type="101100" pre_build="100006" item="" food="5296" stone="5296" wood="4237" iron="6355" time="6413" power="1146" exp="0" num="1" destroy_time="-1" para1="911053|350" para2="" para3="" para4="" para5="" para6="" para_extra="" reward="-1" />
  <Data id="101107" level="8" type="101100" pre_build="100007" item="" food="7944" stone="7944" wood="6355" iron="9533" time="12826" power="1663" exp="0" num="1" destroy_time="-1" para1="911053|400" para2="" para3="" para4="" para5="" para6="" para_extra="" reward="-1" />
  <Data id="101108" level="9" type="101100" pre_build="100008" item="" food="11917" stone="11917" wood="9533" iron="14300" time="23087" power="2385" exp="0" num="1" destroy_time="-1" para1="911053|450" para2="" para3="" para4="" para5="" para6="" para_extra="" reward="-1" />
  <Data id="101109" level="10" type="101100" pre_build="100009" item="" food="17876" stone="17876" wood="14300" iron="21451" time="36938" power="3397" exp="0" num="1" destroy_time="-1" para1="911053|500" para2="" para3="" para4="" para5="" para6="" para_extra="" reward="-1" />
  <Data id="101110" level="11" type="101100" pre_build="100010" item="" food="26814" stone="26814" wood="21451" iron="32177" time="48020" power="4814" exp="0" num="1" destroy_time="-1" para1="911053|550" para2="" para3="" para4="" para5="" para6="" para_extra="" reward="-1" />
  <Data id="101111" level="12" type="101100" pre_build="100011" item="" food="40221" stone="40221" wood="32177" iron="48265" time="55222" power="6798" exp="0" num="1" destroy_time="-1" para1="911053|600" para2="" para3="" para4="" para5="" para6="" para_extra="" reward="-1" />
  <Data id="101112" level="13" type="101100" pre_build="100012" item="" food="60332" stone="60332" wood="48265" iron="72398" time="63506" power="9574" exp="0" num="1" destroy_time="-1" para1="911053|650" para2="" para3="" para4="" para5="" para6="" para_extra="" reward="-1" />
  <Data id="101113" level="14" type="101100" pre_build="100013" item="" food="90498" stone="90498" wood="72398" iron="108597" time="73031" power="13462" exp="0" num="1" destroy_time="-1" para1="911053|700" para2="" para3="" para4="" para5="" para6="" para_extra="" reward="-1" />
  <Data id="101114" level="15" type="101100" pre_build="100014" item="" food="135747" stone="135747" wood="108597" iron="162896" time="83986" power="18905" exp="0" num="1" destroy_time="-1" para1="911053|800" para2="" para3="" para4="" para5="" para6="" para_extra="" reward="-1" />
  <Data id="101115" level="16" type="101100" pre_build="100015" item="" food="203620" stone="203620" wood="162896" iron="244344" time="96584" power="26524" exp="0" num="1" destroy_time="-1" para1="911053|900" para2="" para3="" para4="" para5="" para6="" para_extra="" reward="-1" />
  <Data id="101116" level="17" type="101100" pre_build="100016" item="" food="305430" stone="305430" wood="244344" iron="366517" time="111071" power="37192" exp="0" num="1" destroy_time="-1" para1="911053|1000" para2="" para3="" para4="" para5="" para6="" para_extra="" reward="-1" />
  <Data id="101117" level="18" type="101100" pre_build="100017" item="" food="458146" stone="458146" wood="366517" iron="549775" time="127732" power="52126" exp="0" num="1" destroy_time="-1" para1="911053|1100" para2="" para3="" para4="" para5="" para6="" para_extra="" reward="-1" />
  <Data id="101118" level="19" type="101100" pre_build="100018" item="" food="687219" stone="687219" wood="549775" iron="824663" time="146892" power="73035" exp="0" num="1" destroy_time="-1" para1="911053|1200" para2="" para3="" para4="" para5="" para6="" para_extra="" reward="-1" />
  <Data id="101119" level="20" type="101100" pre_build="100019" item="" food="1030829" stone="1030829" wood="824663" iron="1236995" time="168926" power="102306" exp="0" num="1" destroy_time="-1" para1="911053|1300" para2="" para3="" para4="" para5="" para6="" para_extra="" reward="-1" />
  <Data id="101120" level="21" type="101100" pre_build="100020" item="" food="1546244" stone="1546244" wood="1236995" iron="1855493" time="219603" power="143287" exp="0" num="1" destroy_time="-1" para1="911053|1400" para2="" para3="" para4="" para5="" para6="" para_extra="" reward="-1" />
  <Data id="101121" level="22" type="101100" pre_build="100021" item="" food="2319366" stone="2319366" wood="1855493" iron="2783239" time="351365" power="200659" exp="0" num="1" destroy_time="-1" para1="911053|1500" para2="" para3="" para4="" para5="" para6="" para_extra="" reward="-1" />
  <Data id="101122" level="23" type="101100" pre_build="100022" item="" food="3479049" stone="3479049" wood="2783239" iron="4174859" time="632456" power="280981" exp="0" num="1" destroy_time="-1" para1="911053|1600" para2="" para3="" para4="" para5="" para6="" para_extra="" reward="-1" />
  <Data id="101123" level="24" type="101100" pre_build="100023" item="" food="5218574" stone="5218574" wood="4174859" iron="6262289" time="1138420" power="393431" exp="0" num="1" destroy_time="-1" para1="911053|1700" para2="" para3="" para4="" para5="" para6="" para_extra="" reward="-1" />
  <Data id="101124" level="25" type="101100" pre_build="100024|100224|100324|100524|101324|101524|101624|101724|100124" item="" food="10437149" stone="10437149" wood="8349719" iron="12524579" time="3984470" power="584596" exp="0" num="1" destroy_time="-1" para1="911053|3000" para2="" para3="" para4="" para5="" para6="" para_extra="" reward="-1" />
</Root>