<Root>
  <Data id="100000" level="1" type="100000" pre_build="" item="" food="792" stone="1080" wood="1080" />
  <Data id="100001" level="2" type="100000" pre_build="100100" item="" food="1188" stone="1620" wood="1620" />
  <Data id="100002" level="3" type="100000" pre_build="100101" item="" food="1782" stone="2430" wood="2430" />
  <Data id="100003" level="4" type="100000" pre_build="100102" item="" food="2673" stone="3645" wood="3645" />
  <Data id="100004" level="5" type="100000" pre_build="100103" item="" food="4009" stone="5467" wood="5467" />
  <Data id="100005" level="6" type="100000" pre_build="100104|100204" item="" food="6014" stone="8201" wood="8201" />
  <Data id="100006" level="7" type="100000" pre_build="100105|100505" item="" food="9021" stone="12301" wood="12301" />
  <Data id="100007" level="8" type="100000" pre_build="100106|101106" item="" food="13532" stone="18452" wood="18452" />
  <Data id="100008" level="9" type="100000" pre_build="100107|101307" item="" food="20298" stone="27679" wood="27679" />
  <Data id="100009" level="10" type="100000" pre_build="100108|100408" item="" food="30447" stone="41518" wood="41518" />
  <Data id="100010" level="11" type="100000" pre_build="100109|101109" item="" food="45670" stone="62278" wood="62278" />
  <Data id="100011" level="12" type="100000" pre_build="100110|100310" item="" food="68506" stone="93417" wood="93417" />
</Root>